datetime,temp,rh,pressure,ws,wd,ch,solrad
01/01/2018,29.58,67.82,1005.65,0.33,110.96,0.28,178.81
02/01/2018,29.33,68.73,1005.89,0.02,9.52,0,158.58
03/01/2018,28.88,71.92,1006.61,0.09,39,0.14,147.44
04/01/2018,29.56,66.02,1007.16,0.52,183.99,0.2,168.28
05/01/2018,27.23,62.45,966.14,1.5,233.75,0.17,116.2
06/01/2018,29,65.19,1000.64,1.87,272.41,0,133.19
07/01/2018,28.56,69,1001.43,0.76,293.75,0,69.04
08/01/2018,28.94,71.9,1001.61,1.44,302.26,0,127.1
09/01/2018,27.89,71.7,999.44,1.29,304.73,0,141.6
10/01/2018,28.2,69.38,999.2,1.71,293.61,0,175.98
11/01/2018,27.9,65.16,998.31,1.68,270.3,0,124.86
12/01/2018,28.96,66.62,1000.86,1.86,302.45,0,127.1
13/01/2018,27.19,70.35,990.91,1.97,287.7,3.56,148.35
14/01/2018,25.49,79.28,991.21,1.64,272.57,5.83,101.11
15/01/2018,25.47,81.29,990.12,1.27,277.7,13.56,68.08
16/01/2018,27.43,64.62,989.84,1.5,283.11,0.14,137.21
17/01/2018,27.67,70.8,999.82,1.4,289,0,90.72
18/01/2018,25.3,88.85,997.13,0.79,236.47,28.03,24.71
19/01/2018,26.38,79.63,1007.62,1.59,281.41,1.2,93.65
20/01/2018,26.52,79.92,999.62,1.69,276.55,4.94,99.62
21/01/2018,27.83,70.29,991.78,1.79,279.6,0.27,131.29
22/01/2018,25.96,78.73,984.94,1.58,267.52,2.98,85.59
23/01/2018,27.89,75.15,995.11,1.44,282.05,2.35,184.81
24/01/2018,27.25,80.84,1005.44,1.54,275.31,10.22,96.36
25/01/2018,27.27,73.18,998.41,2.06,268.77,0.13,93.87
26/01/2018,27.49,73.25,998.69,1.73,278.39,2.83,127.32
27/01/2018,27.05,75.1,999.27,1.37,284.44,1.04,103.01
28/01/2018,25.81,78.21,996.48,1.7,287,1.34,93.45
29/01/2018,29.62,65.59,1000.35,2,283.3,0.77,267.25
30/01/2018,27.89,74.66,1007.56,1.83,263.89,2.5,80.38
31/01/2018,28,75.7,1001.03,1.56,286.59,0.2,144.59
01/02/2018,27.69,75.48,998.19,1.21,292.64,1.59,116.71
02/02/2018,28.24,74.43,998.12,1.66,292.17,6.04,162.99
03/02/2018,27.27,80.79,1002.59,1.45,281.62,10.35,129.5
04/02/2018,27.13,80.92,995.79,1.64,296.08,17.6,119.71
05/02/2018,25.59,87.08,1011.22,1.14,184.46,23.73,68.24
06/02/2018,25.97,84.72,1003.66,1.13,201.81,7.76,97.8
07/02/2018,27.02,80.71,1009.6,1.01,280.72,1.13,68.2
08/02/2018,26.47,85.99,1009.3,1.35,253.36,4.16,100.96
09/02/2018,26.88,82.59,1009.39,1.3,287.87,3.1,131.02
10/02/2018,27.92,75.36,1002.5,1.57,294.83,0,169
11/02/2018,27.56,80.89,1010.3,1.73,298.18,6.17,122.07
12/02/2018,27.96,76.03,1011.92,2.04,300.99,1.72,140.12
13/02/2018,27.64,74.56,1012.1,1.27,300.08,0,83.96
14/02/2018,25.97,86.14,1011.71,0.39,328.19,1.23,26.69
15/02/2018,25.06,91.04,1011.74,0.87,260.56,74.19,22.11
16/02/2018,28.21,72.15,1009.01,1.21,242.82,0,145.44
17/02/2018,27.57,77.65,1008.83,1.34,299.98,0.09,100.36
18/02/2018,28.1,76.65,1008.76,1.12,273.56,0.23,169.17
19/02/2018,27.87,78.81,1008.23,0.91,271,1.33,88.89
20/02/2018,28.18,73.2,1000.62,1.06,269.24,0.44,137.34
21/02/2018,29.49,71.94,1006.95,1.8,301.39,0,190.64
22/02/2018,28.67,73.75,1006.28,2.24,309.57,0,148.63
23/02/2018,27.66,74.39,1001.2,1.9,272.89,0,165.56
24/02/2018,28.08,76.06,1010.02,1.27,219.16,1.11,207.45
25/02/2018,28.3,74.44,1008.52,1.44,166.78,1.21,251.84
26/02/2018,25.58,91.29,1009.01,0.14,22.01,23.41,9.41
27/02/2018,27.88,79.56,1008.01,1.12,193.56,0.68,127.41
28/02/2018,27.65,79.92,1008.01,0.8,231.41,1.32,89.21
01/03/2018,27.25,83.32,1008.16,0.99,212.79,0.3,133.35
02/03/2018,29.24,74.85,1006.84,1.19,208.33,0.18,206.42
03/03/2018,28.3,80.27,1007.26,0.94,136.59,3.04,108.48
04/03/2018,28.5,76.07,1000.6,1.19,197.24,0.27,163.64
05/03/2018,28.25,74.11,994.46,1.1,287.04,0.16,143
06/03/2018,27.45,79.89,1001.26,0.89,218.88,1.84,107.01
07/03/2018,27.95,80.21,1007.83,1.02,171.92,3.61,132.71
08/03/2018,27.84,80.64,1007.95,0.81,164.61,0.2,133.68
09/03/2018,28.33,77.3,1007.56,1.2,275.72,6.4,164.98
10/03/2018,28.46,75.13,1008.26,1.39,305.87,0.55,156.55
11/03/2018,28.09,79.92,1008.66,1.41,298.79,8.93,173.89
12/03/2018,27.66,77.57,1008.67,1.34,302.6,0.19,103.13
13/03/2018,27.95,77.78,1009.7,1.32,301.59,0,102.31
14/03/2018,27.89,74.9,1002.45,1.09,189.86,0.1,166.4
15/03/2018,29.28,71.07,1001.98,0.97,154.52,0.18,179.22
16/03/2018,28.82,73.98,1008.4,1.08,161.52,0,153.4
17/03/2018,25.57,90.32,1009.25,0.49,109.68,20.76,59.5
18/03/2018,27.63,78.24,1002.48,1.08,195.28,13.67,198.72
19/03/2018,27.95,77.51,1009.08,1.33,200.99,0.64,188.33
20/03/2018,28.07,75.6,1000.29,1.13,228.67,0.58,166.74
21/03/2018,27.28,73.59,1006.98,1.9,280.41,0,101.06
22/03/2018,27.12,79.59,1007.27,0.91,168.26,4.85,127.57
23/03/2018,28.47,75.72,1007.84,1.19,202.74,0.17,157.2
24/03/2018,27.19,74.04,1010.26,1.68,264.55,0,105.49
25/03/2018,27.7,78.36,1010.26,0.66,176.15,4.15,106.2
26/03/2018,28.87,69.23,1009.61,1.45,283.7,0.18,151.3
27/03/2018,26.5,85.25,1009.69,0.5,122.5,8.46,78.69
28/03/2018,28.65,69.72,1008.93,1.03,184.29,0.18,183.28
29/03/2018,28.42,74.55,1008,1.08,207.81,5.89,191.06
30/03/2018,29.32,68.17,997.28,1.58,283.46,0,192.39
31/03/2018,30,66.53,1007.71,1.74,287.37,0,172.89
01/04/2018,29.42,69.76,1007.8,1.11,283.83,0,124.55
02/04/2018,27.88,75.85,995.14,1.15,245.13,1.24,124
03/04/2018,28.04,74.83,1002.26,1.33,269.78,7.73,145.11
04/04/2018,29.16,70.99,1007.65,1.11,189.04,0,180.96
05/04/2018,29.23,73.4,1006.76,1.25,206.08,0.05,152.6
06/04/2018,29.78,70.54,1007.75,0.91,103.11,0.17,147.31
07/04/2018,29.09,73.78,1008.91,1.1,205.93,2.42,162.98
08/04/2018,26.43,84.93,1010.53,0.82,163.03,2.13,2.24
09/04/2018,28.15,74.31,999.15,0.89,163.06,0,131.48
10/04/2018,30.02,66.22,1008.45,1.08,67.68,0,165.12
11/04/2018,29.95,69.08,1000.59,1.27,77.59,0,166.15
12/04/2018,29.96,71.26,1008.32,1.28,79.56,0,151.26
13/04/2018,30.29,70.17,1007.51,1.04,171.99,0,184.85
14/04/2018,29.37,73.14,993.08,0.74,138.11,0.18,138.44
15/04/2018,29.47,71.72,1007.5,0.8,154.21,0,122.89
16/04/2018,29.96,69.98,1008.89,0.89,207.68,0,143.58
17/04/2018,28.22,75.12,999.14,0.82,144.66,6.74,111.26
18/04/2018,29.23,74.22,1008.79,0.71,141.22,0,110.19
19/04/2018,28.95,76.53,1007.77,0.74,153.11,1.72,100.87
20/04/2018,29.18,73.47,1008.34,0.92,129.76,0,138.12
21/04/2018,29.27,70.57,1001.27,0.9,142.17,0,134.33
22/04/2018,29.08,77.19,1007.42,0.94,215.89,3.68,145.96
23/04/2018,26.18,87.5,1001.31,0.52,75.59,11.08,43.88
24/04/2018,27.4,84.85,1008.39,0.52,113.65,0.93,50.42
25/04/2018,25.64,90.33,1008.63,0.56,140.52,12.71,31.26
26/04/2018,27.03,84.12,1008.51,1.11,108.07,1.69,79.43
27/04/2018,28.73,74.71,1003.28,1.31,111.14,0.28,128.32
28/04/2018,28.69,76.04,992.65,0.79,108.53,9.63,157.76
29/04/2018,29.05,72,1002.15,0.83,100.65,0,152.38
30/04/2018,29.42,66.26,995.45,1.08,82.96,0,164.65
01/05/2018,29.47,65.56,1003.21,1.01,69.88,0,162.45
02/05/2018,29.45,67.54,1003.43,0.9,117.87,0,154.43
03/05/2018,28.16,75.6,1003.55,0.77,119.92,3.45,107.94
04/05/2018,29.15,69.27,1003.7,0.93,81.53,0,133.93
05/05/2018,33.32,55.06,1003.03,1.79,63.86,0,511.85
06/05/2018,30.51,63.56,1003.05,1.35,73.82,0,190.17
07/05/2018,30.12,63.52,1002.87,1.25,78.28,0,154.31
08/05/2018,29.86,67.18,999.22,1.06,110.18,0,156.26
09/05/2018,30.32,67.62,1009.96,1.2,84.5,0,160.02
10/05/2018,29.78,63.56,1002.83,1.3,77.29,0,161.35
11/05/2018,29.5,65.76,998.82,1.07,73.78,0,136.02
12/05/2018,30,66.52,1009.06,0.88,152.44,0,157.09
13/05/2018,30.3,66.9,1008.52,1.02,87.71,0,141.39
14/05/2018,29.87,64.42,993.92,0.83,85.72,0.25,137.54
15/05/2018,28.62,66.77,976.08,0.99,102.65,0,105
16/05/2018,29.25,70.48,993.34,0.85,142.38,0,99.58
17/05/2018,28.64,73.52,996.93,0.67,65.45,0,79.69
18/05/2018,29.41,71.47,999.75,0.98,172.41,0,140.66
19/05/2018,27.96,73.78,989.69,1.05,133.95,0,140.03
20/05/2018,28.34,70.85,986.94,1.02,111.26,0,127.8
21/05/2018,28.7,71.43,987.14,1.28,120.53,0,102.63
22/05/2018,29.79,70.7,1007.45,1.54,86.3,0.19,157.59
23/05/2018,27.87,78.56,1001.6,0.99,88.98,2.55,77.42
24/05/2018,29.14,71.65,1000.81,0.77,96.69,0.02,136.31
25/05/2018,27.87,82.15,1007.85,0.69,66.34,0.69,57.37
26/05/2018,29.67,69.13,1001.03,0.9,82.61,0,139.52
27/05/2018,29.48,71.42,1008.8,1.05,249.07,0,126.17
28/05/2018,29.39,73.58,1008.84,1.09,197.85,0,125.73
29/05/2018,29.54,69.14,1008.58,0.8,94.34,0,134.92
30/05/2018,29.72,69.8,1009.05,1.04,220.69,0,148.4
31/05/2018,26.8,77.8,1009.95,0.2,198.37,0,26.09
01/06/2018,29.66,62.5,1009.07,1.16,210.7,0,169.66
02/06/2018,29.33,72.63,1009.17,1.11,132.53,0,128.48
03/06/2018,29.42,72.92,1008.54,1.14,113.2,0,133.62
04/06/2018,29.26,72.34,1001.81,1.06,96.46,0,127.2
05/06/2018,29.66,74.8,1009.6,0.95,97.15,0,99.73
06/06/2018,29.57,75.22,1009.9,0.94,153.07,0,122.02
07/06/2018,29.23,72.79,1002.35,1.01,181.66,0,107.21
08/06/2018,29.32,72.5,1009.27,0.84,151.04,0,109.06
09/06/2018,29.82,70.33,1010.19,0.94,169.05,0,142.96
10/06/2018,29.76,70.13,1011.14,1.04,162.95,0,113.68
11/06/2018,30.19,64.2,1004.18,0.86,112.61,0,127.21
12/06/2018,28.3,74.26,1010.29,0.93,171.98,0.44,121.4
13/06/2018,29.92,69.16,1009.48,0.82,125.43,0,133.8
14/06/2018,32.05,58.44,1009.86,1.47,286.35,0,440.4
15/06/2018,29.23,68.7,1010.33,0.82,184.46,0,126.19
16/06/2018,29.65,66.23,1009.72,1.31,85.8,0,143.67
17/06/2018,29.3,64.82,1002.25,1.51,89.29,0,144.16
18/06/2018,29,63.33,1009.77,1.37,87.68,0,151.63
19/06/2018,29.62,62.92,1010.77,0.91,96.67,0,146.14
20/06/2018,29.22,64.24,993.11,1.65,97.22,0,116.69
21/06/2018,29.26,67.43,1010.54,1.33,74.77,0,118.44
22/06/2018,29.18,69.95,1009.98,1.22,81.65,0,113.95
23/06/2018,29.37,67.97,1009.49,1.15,109.6,0,139.1
24/06/2018,27.3,75.21,1003.09,1.29,278.1,0.15,98.34
25/06/2018,24.68,86.22,1010.73,0.47,152.51,4.87,23.8
26/06/2018,26.29,79.97,1010.95,0.68,163.01,0.71,75.17
27/06/2018,28.31,70.08,1009.7,0.59,123.7,0,124.71
28/06/2018,27.68,75.79,1009.57,1.12,189.97,0,95.32
29/06/2018,28.37,72.81,1009.15,0.96,287.66,0,127.8
30/06/2018,28.4,70.48,1009.32,0.82,147.49,0,119.76
01/07/2018,28.2,69.76,1010.23,0.85,108.41,0,126.37
02/07/2018,28.58,69.62,1010.31,0.95,100.13,0,136.08
03/07/2018,28.52,68.95,1010.07,0.84,176.96,0,116.73
04/07/2018,28.41,62.07,996.37,0.78,147.62,0,98.03
05/07/2018,31.95,45.24,1010.61,1.11,122.81,0,401.45
06/07/2018,32.25,47.94,1009.42,1.32,165.84,0,405.51
07/07/2018,31.98,53.18,1008.31,1.63,219.38,0,391.16
08/07/2018,31.71,58.43,1007.19,1.95,272.92,0,376.81
09/07/2018,29.28,66.93,1007.8,1.06,169.56,0,131.3
10/07/2018,28.98,66.28,1009.95,0.98,236.56,0,84.17
11/07/2018,28.37,63.7,1002.79,0.86,142.02,0,99.08
12/07/2018,28.04,61.62,1009.5,0.75,60.43,0,93.77
13/07/2018,28.39,61.12,1009.1,1.02,202.38,0,129.65
14/07/2018,28.45,60.6,1009.25,1.21,225.37,0,116.22
15/07/2018,28.34,60.41,1009.55,1.1,200.69,0,151.09
16/07/2018,27.88,61.85,1008.65,0.83,153.38,0,128.88
17/07/2018,28.76,62.69,1008.67,0.85,145.39,0,141.72
18/07/2018,29.02,67.45,1008.98,0.97,144.14,0,155.18
19/07/2018,28.5,69.5,1009.43,1.23,126.39,0,117.96
20/07/2018,29.1,67.57,1003.13,1.18,92.26,0,126.95
21/07/2018,30.51,60.16,1011.06,1.23,113.26,0,193.97
22/07/2018,29.41,66.13,1003.63,1.27,187.43,0,141.91
23/07/2018,29.12,70.05,1009.47,1.22,261.5,0,107.91
24/07/2018,28.97,69.87,1010.14,1.02,196.59,0,125.83
25/07/2018,28.51,74.7,1010.17,0.96,178.9,4.74,128.94
26/07/2018,28.4,72.66,1010.35,0.85,126.23,0.04,131.69
27/07/2018,28.23,60.97,1010.21,0.83,68.66,0,158.1
28/07/2018,27.61,64.24,1009.71,0.7,122.38,0,145.82
29/07/2018,27.34,67.03,1009.92,1.02,214.62,0,137.87
30/07/2018,28,69.07,1010.17,0.94,155.09,0.75,143.17
31/07/2018,28.86,67.16,1010.8,0.93,168.79,2.83,143.89
01/08/2018,28.37,68.91,1012.4,1.04,204.38,0.33,118.75
02/08/2018,27.89,67.09,1011.9,1.06,175.63,0,148.67
03/08/2018,27.63,57.63,1010.55,1.27,166.11,0,152.44
04/08/2018,27.28,54.28,996.87,0.94,151.62,0.3,118.79
05/08/2018,27.67,56.87,1010.69,1.38,176.01,0.14,138.3
06/08/2018,27.87,56.73,1002.78,0.87,165.05,0,134.84
07/08/2018,27.47,59.54,1002.13,0.77,83.36,0,75.19
08/08/2018,25.47,61.44,925.47,0.85,94.97,0.08,53.75
09/08/2018,29.05,61.89,1010.9,0.93,117.45,0,120.45
10/08/2018,27.21,76.96,1003.98,1.05,150.34,12.92,141.74
11/08/2018,27.81,67.14,989.11,0.65,108.05,0,139.92
12/08/2018,28.7,67.58,1003.29,0.92,110.97,0.31,139.88
13/08/2018,29.01,67.41,1003.74,1.16,98.22,0,155.11
14/08/2018,28.79,68.2,1010.4,0.96,84.76,0,121.28
15/08/2018,28.82,64.38,1002.53,0.99,120.08,0,144.46
16/08/2018,28.57,62.22,1008.86,0.98,151.84,0,125.51
17/08/2018,27.74,63.26,998.36,0.89,152.92,0,147.44
18/08/2018,26.97,60.5,995.47,1.04,123.62,0,148.32
19/08/2018,27.96,61.1,995.74,1.09,76.6,0,161.96
20/08/2018,28.74,64.03,1002.78,1.2,70.93,0,163.49
21/08/2018,28.77,64.63,1002.51,1.08,141.94,0,150.57
22/08/2018,25.72,56.9,884.88,0.8,120.71,0,150.46
23/08/2018,23.9,59.77,851.74,0.95,138.32,0,87.48
24/08/2018,28.26,68.13,995.75,1.03,92.4,0,121.77
25/08/2018,28.16,62.98,995.16,0.91,79.24,0,126.09
26/08/2018,28.81,62.45,1002.37,1.03,87.79,0,148.75
27/08/2018,28.81,65.87,996.34,1.11,96.6,0,148.39
28/08/2018,29.03,65.78,1003.55,1.05,188.82,0,151
29/08/2018,28.44,68.17,1003.61,1.09,182.26,0,122.03
30/08/2018,28.83,64.44,1003.16,1.18,88.44,0,148.33
31/08/2018,28.97,66.3,1004.01,1.06,122.18,0.34,124.73
01/09/2018,27.96,71.75,1004.6,0.89,150.49,0,155.79
02/09/2018,27,78.58,1004.38,1,148.77,7.84,164.7
03/09/2018,28.3,65.23,1003.89,1.4,188.4,0,168.89
04/09/2018,28.27,61.95,1011.13,1.3,187.37,0,148.05
05/09/2018,28.79,61.79,1010.41,1.02,211.37,0,137.75
06/09/2018,29.19,61.08,999.13,0.98,57.1,0,149.75
07/09/2018,29.54,61.3,1009.81,0.95,123.61,0,174.09
08/09/2018,28.96,66.28,1009.64,0.83,173.68,0,147.25
09/09/2018,29.19,55.21,997.71,1.06,85.87,0,152.06
10/09/2018,29.96,53.96,1012.21,1.15,85.51,0,185.33
11/09/2018,29.6,57.75,1012.16,1.16,109.87,0,192.29
12/09/2018,28.72,62.26,1003.51,1.35,205.3,0,157.9
13/09/2018,27.65,61.39,985.51,0.95,221.17,0,144.03
14/09/2018,28.56,59.25,1010.1,1.17,236.32,0,139.24
15/09/2018,28.52,61.84,1009.24,1.08,164.39,0,151.77
16/09/2018,28.8,51.88,1009.14,1.26,75.1,0,177.95
17/09/2018,30.2,50.28,1009.09,1.36,91.43,0,196.59
18/09/2018,30.38,49.84,1002.72,1.23,93.92,0,176.13
19/09/2018,28.57,63.23,1010.01,0.94,70.52,0,77.21
20/09/2018,29.37,66.75,1010.26,0.79,101.18,0,120.03
21/09/2018,26.8,77,1012.04,0.91,174.04,32.05,59.61
22/09/2018,28.95,65.49,1011.76,0.82,127.44,0,195.44
23/09/2018,28.65,66.83,1011.59,1.01,154.4,0,164.47
24/09/2018,29,62.93,1010.72,0.92,103.24,0,189.04
25/09/2018,29.17,64.15,1010.3,1.26,236.41,0,211.01
26/09/2018,29.04,66.47,1003.16,0.95,184.91,0,170.22
27/09/2018,28.56,70.01,1002.47,1.15,157.33,0,159.78
28/09/2018,29.36,58.55,1009.1,1.03,77.68,0,192.94
29/09/2018,29.43,60.17,1009.05,0.92,109.43,0,185.41
30/09/2018,29.7,61.26,1009.05,1.13,117.34,0,170.89
01/10/2018,29.31,65.77,1002.47,0.96,154.05,0,156.26
02/10/2018,29.28,70.25,1002.63,1.16,247.61,0,178.55
03/10/2018,29.88,68.3,1009.71,1.07,151.94,0,165.79
04/10/2018,29.72,67.39,1002.29,1.27,157.18,0,176.22
05/10/2018,30.14,65.15,1009.6,1.17,103.04,0,173.63
06/10/2018,29.92,61.28,1010.12,1.22,138.99,0,166.34
07/10/2018,30.42,54.07,1009.53,1.32,76.45,0,184.7
08/10/2018,30.15,55.48,1009.11,1.21,109.85,0,199.46
09/10/2018,30.7,52.53,1008.81,1,143.73,0,201.15
10/10/2018,29.8,65.19,1008.86,1.4,213.22,0,179.89
11/10/2018,30.01,59.08,1002.96,1.13,118.05,0,179.62
12/10/2018,29.79,65.08,1010.83,1.06,244.66,0,161.79
13/10/2018,29.38,57.48,996.91,1.22,195.74,0,124.2
14/10/2018,30.17,64.96,1011.28,1.28,120.24,0,169.22
15/10/2018,29.62,67.26,1004.27,1.21,192.28,0,190.75
16/10/2018,29.59,66.53,1010.68,1.18,196.52,0,163.09
17/10/2018,29.69,63.87,1009.86,1.27,250.85,0,152.2
18/10/2018,28.38,71.93,1010.42,0.95,149.63,6.72,158.51
19/10/2018,29.29,68.05,1010.9,0.96,192.51,0,164.59
20/10/2018,29.1,67,1004.31,1.22,175.92,0,149.72
21/10/2018,30.25,66.28,1011.07,1.18,91.07,0,193.39
22/10/2018,28.86,72.53,1010.76,1.22,216.71,7.83,172.66
23/10/2018,27.53,75.04,1011.02,0.86,158.11,0.49,112.09
24/10/2018,29.48,65.82,1003.8,0.97,166.01,0,197.63
25/10/2018,29.69,65.19,1004.04,1.02,158.86,0,175.42
26/10/2018,29.71,69.86,1011.04,1.04,189.41,0.38,190.66
27/10/2018,28.51,74.31,1010.69,0.81,182.47,1.03,110.92
28/10/2018,28.19,78.38,1009.18,1.31,220.9,33.14,165.95
29/10/2018,28.39,76.84,1001.46,0.8,167.23,4.7,170.4
30/10/2018,28.81,73.04,1008.33,1.07,175.13,0,118.67
31/10/2018,29.77,63.73,1007.96,0.79,172.86,0,146.51
01/11/2018,28.94,73.09,1008.24,0.95,196.72,5.7,151.75
02/11/2018,29.41,68.57,1009.51,0.81,67.23,0,118.35
03/11/2018,28.41,70.95,1009.59,0.87,183.37,0,95.68
04/11/2018,29.24,71.71,1008.64,1.01,213.58,0,156.37
05/11/2018,29.09,70.7,997.45,0.85,226.32,0,96.4
06/11/2018,29.39,66.98,1007.6,0.98,148.71,0,147.32
07/11/2018,28.6,73.49,1007.77,0.97,230.24,0,105.47
08/11/2018,28.34,76.71,1007.83,0.62,162.71,0.27,63.52
09/11/2018,27.41,80.1,1008.25,0.68,168.27,7.47,101.07
10/11/2018,28.82,70.39,1008.5,1.04,130.44,0,163.82
11/11/2018,28,76,1008.91,0.8,187.67,0,92.2
12/11/2018,29.03,70.36,1008.15,1,247.49,0.38,136.24
13/11/2018,28.77,68.33,1007.9,1.33,270.77,2.98,115.96
14/11/2018,29.77,59.76,1009.1,1.87,271.44,0.01,141.57
15/11/2018,29.78,64.84,1009.69,1.17,173.22,4.59,200.05
16/11/2018,30.93,60.03,1009.02,1.25,181.91,0,200.94
17/11/2018,30.07,64.3,1009.54,1.15,241.99,0,163.64
18/11/2018,29.5,67.62,1010.56,0.68,169.7,0,94.49
19/11/2018,29.1,67.3,1010.83,0.95,165.2,0,156.03
20/11/2018,29.24,67.83,1003.24,0.97,183.31,0,142.24
21/11/2018,28.68,69.78,1002.87,1.11,244.73,0,128.54
22/11/2018,27.59,76.33,996.24,0.89,137.58,26.04,128.11
23/11/2018,27.48,78.63,1003.45,0.85,171.84,6.29,156.19
24/11/2018,28.04,75.2,1003.9,1.04,150.96,0,121.84
25/11/2018,28.37,73.87,1010.47,0.78,204.95,0,111.37
26/11/2018,26.47,83.97,1003.82,0.63,87.52,5.51,71.08
27/11/2018,27.6,78.71,1003.55,0.98,144.17,10.32,152.72
28/11/2018,28.86,72.64,1003.69,0.73,91.29,0,108.5
29/11/2018,27.49,80.91,1003.67,0.91,150.34,3.62,100
30/11/2018,25.27,65.12,889.03,0.66,227.85,0.14,118.07
01/12/2018,23.93,63.4,850.46,0.58,127.61,0.01,44.44
02/12/2018,28.39,69.23,980.05,0.71,182.87,0,114.02
03/12/2018,26.71,85.52,1001.63,0.51,139.25,6.95,51.27
04/12/2018,26.95,80.51,1001.4,0.59,186.87,1.18,94.28
05/12/2018,28.34,74.58,1000.48,0.83,144.89,0.19,140.06
06/12/2018,27.53,77.39,1000.01,0.94,144.96,1.84,129.37
07/12/2018,28.89,71.34,1000.7,1.02,223.34,0,151.95
08/12/2018,29.14,69.12,1001.42,1,258,0,108.29
09/12/2018,28.7,75.14,1001.04,0.51,134,0,73.01
10/12/2018,28.33,72.81,994.34,0.64,201.64,0,78.38
11/12/2018,28.47,69.89,987.63,1.05,238.9,0,123.54
12/12/2018,27.04,78.83,1001.91,0.8,265.46,0.34,68.94
13/12/2018,28.93,70.11,1008.97,1.1,192.5,0.18,141.16
14/12/2018,28.72,68.58,1002.79,1.81,278.97,1.39,138.67
15/12/2018,27.95,66.91,992.81,1.58,269.61,0.17,127.02
16/12/2018,28.62,59.49,990.81,1.38,240.34,0,119.16
17/12/2018,13.23,34.72,502.32,0.15,157.59,0,0.35
18/12/2018,23.05,64.81,839.43,0.76,124.61,11.59,84.29
19/12/2018,28.59,68.39,1003.21,1.25,256.48,0,146.55
20/12/2018,29.26,58.27,995.46,1.56,279.94,0,158.03
21/12/2018,29.04,64.82,1002.49,1.48,295.25,0,135.37
22/12/2018,28.28,71.42,1009.46,1.06,297.71,0,70.69
23/12/2018,26.99,71.18,1002.43,2.2,268.49,0,88.37
24/12/2018,27.88,68.07,994.51,1.83,274.42,0.06,134.38
25/12/2018,27.03,72.18,995.07,1.87,268.82,0.89,108.38
26/12/2018,26.82,72.93,1002.15,1.6,277.71,0.68,85.29
27/12/2018,28.65,66.16,1001.51,2.24,268.21,0,168.26
28/12/2018,28.67,65.21,987.31,2.47,269.65,0,168.06
29/12/2018,29.24,67.44,1001.64,2.67,269.5,0,151.78
30/12/2018,29.91,61.51,1002.26,2.42,273.66,0,171.57
31/12/2018,26.63,77.32,1009.94,2.18,272.42,3.83,85
01/01/2019,26.23,80.38,1010.55,1.6,275.38,1.42,73.08
02/01/2019,27.81,73.3,1010.11,2.1,276.67,0.13,138.8
03/01/2019,28.83,63.32,1010.56,1.78,274.15,0.17,174.85
04/01/2019,29.84,58.71,1010.72,1.63,275.65,0,184.66
05/01/2019,28.93,69.63,1010.83,1.04,211.72,0,135.49
06/01/2019,29.92,66.47,1010.47,0.95,236.79,0,182.82
07/01/2019,29.15,72.78,1010.34,1.43,208.81,2.56,181.86
08/01/2019,28.07,77.33,1009.97,1.1,146.97,1.31,151.66
09/01/2019,27.43,80.52,1003.14,1.03,233.17,26.74,111.29
10/01/2019,28.26,78.61,1009.8,0.99,224.41,1.55,149
11/01/2019,28.91,74.58,1009.27,1.34,290.54,3.12,165.87
12/01/2019,28.48,75.83,1001.92,1.28,278.36,0.72,158.69
13/01/2019,26.71,83.68,1001.64,0.85,193.58,1.86,58
14/01/2019,27.41,79.32,1008.54,0.8,297.44,0.7,82.36
15/01/2019,28.74,72.16,1007.97,1.76,290.46,0.49,105.97
16/01/2019,27.5,80.23,1007.98,1.03,296.29,0.98,55.02
17/01/2019,28.54,71.38,1007.4,1.74,272.98,0,127.84
18/01/2019,27.27,78.92,1000.33,1.15,277.29,6.84,65.58
19/01/2019,26.79,77.16,994.39,0.63,179.8,1.09,56.4
20/01/2019,28.06,78.15,1008.79,0.93,251.3,0.64,106.12
21/01/2019,26.56,84.26,1009.64,1.03,275.86,1.62,78.89
22/01/2019,25.91,86.43,1010.47,0.77,177.84,15.36,35.45
23/01/2019,27.35,81.2,1010.5,1.09,276.57,2.91,73.62
24/01/2019,27.13,83.25,1010.43,1.6,261.34,11.41,161.09
25/01/2019,26.46,84.88,1011,0.65,236.28,35,55.79
26/01/2019,28.11,79.94,1009.69,1.9,302.3,1.24,111.71
27/01/2019,26.69,87.66,1009.36,1.31,196.29,7.35,51.68
28/01/2019,27.45,80.51,1009.59,1.54,257.71,5.31,83.13
29/01/2019,27.4,81.06,1003.11,1.4,237.34,14.21,130.67
30/01/2019,27.98,74.41,1010.91,1.32,271.61,1.09,127.18
31/01/2019,25.04,80.77,954.68,0.66,162.77,4.24,78.75
01/02/2019,26.97,81.65,1003.65,0.87,225.33,2.1,89.29
02/02/2019,28.26,74.69,1003.21,1.14,303.71,68.09,130.11
03/02/2019,28.02,80.64,1010.89,1.17,233.55,12.76,164.27
04/02/2019,28.57,74.37,1011.18,1.38,282.03,4.67,121.8
05/02/2019,28.37,76.58,1010.53,1.09,302.84,156.8,142.37
06/02/2019,27.81,80.6,1009.97,1.02,192.58,102.01,112.13
07/02/2019,28.87,72.61,1010.2,1.24,229.71,108.17,165.9
08/02/2019,28.56,73.63,1010.31,1.24,210.99,68.83,170.63
09/02/2019,29.22,67.88,1010.44,0.97,238.9,3.01,151.63
10/02/2019,27.63,75.52,1005.17,1.45,254.58,18.35,156.99
11/02/2019,27.33,82.8,1011.87,1.04,143.08,112.87,137.52
12/02/2019,3.61,10.34,130.23,0.13,31,2.88,25.15
13/02/2019,0,0,0,0,0,0,0
14/02/2019,0,0,0,0,0,0,0
15/02/2019,0,0,0,0,0,0,0
16/02/2019,0,0,0,0,0,0,0
17/02/2019,0,0,0,0,0,0,0
18/02/2019,0,0,0,0,0,0,0
19/02/2019,17.78,59.97,691.66,0.74,81.98,10.8,11.33
20/02/2019,27.26,83.38,1004.97,0.57,151.92,13.7,79.63
21/02/2019,27.02,84.65,1004.34,0.66,110.16,5.32,91.09
22/02/2019,26.98,83.32,1003.56,0.84,171.74,5.3,121.73
23/02/2019,27.71,80.05,1002.02,0.97,169.2,1.61,167.49
24/02/2019,28.22,74.95,991.87,0.95,195.41,0.54,154.45
25/02/2019,28.57,72.09,1002.35,1.09,180.3,0,158.28
26/02/2019,29.83,71.29,1000.82,0.98,61.99,0,153.44
27/02/2019,29.41,73.11,1000.67,0.94,189.29,0.17,157.9
28/02/2019,28.55,75.14,994.3,0.91,186.75,0.81,152.38
01/03/2019,27.62,79.83,1008.89,1.35,198.4,0.57,121
02/03/2019,28.21,75.97,1001.26,1.31,231.81,0.37,109.13
03/03/2019,25.84,87.57,1008.22,0.56,139.25,12.39,80.09
04/03/2019,28.32,78.08,1008.05,0.94,193.15,19.61,179.57
05/03/2019,27.43,80.81,1009.45,0.94,192.57,38.6,126.77
06/03/2019,24.96,88.76,1011.43,0.54,122.3,23.85,49.62
07/03/2019,27.2,76.98,1003.52,0.46,138.49,0.95,91.92
08/03/2019,28.62,73.77,1010.42,1.09,196.5,1.74,183.53
09/03/2019,28.04,72.15,1010.92,1.03,166.35,5.85,143.75
10/03/2019,28.42,68.79,1010.29,0.82,202.64,0,111.37
11/03/2019,27.49,73.74,1003.33,1.09,269.01,0.18,97.1
12/03/2019,26.55,82.63,1011.16,1.09,197.8,3.26,90.32
13/03/2019,27.89,74.32,1011.67,0.84,179.18,6.45,114.41
14/03/2019,28.53,68.96,1004.25,0.8,179.28,7.12,144.27
15/03/2019,28.37,74.69,1010.32,1.12,189.6,0.02,138.79
16/03/2019,28.45,66.55,1010.61,1.27,287.61,0.06,110.76
17/03/2019,27.37,75.05,1010.61,0.88,268.55,4.69,77.51
18/03/2019,28.44,70.72,1008.86,1.12,286.31,3.58,120.8
19/03/2019,27.45,74.49,1008.53,1.61,286.02,0.66,96.29
20/03/2019,28.65,70.05,1008.31,1.61,276.31,0,142.17
21/03/2019,28.65,73.25,1009.27,1.33,291.47,0,117.55
22/03/2019,29.17,71.6,1009.12,1.58,290.61,0.97,162.56
23/03/2019,28.96,70.25,1008.43,2.05,273.69,0.58,152.54
24/03/2019,29.25,69.09,1008.34,1.65,272.21,0.12,123.25
25/03/2019,27.76,76.16,1009.52,0.75,204.95,0.39,78.6
26/03/2019,28.2,77.36,1003.88,1.28,206.28,2.58,173.14
27/03/2019,28.08,81.47,1011.09,0.97,171.2,10.55,176.42
28/03/2019,28.47,74.99,1010.16,0.64,155.07,4.35,120.13
29/03/2019,28.38,70.3,988.26,1.15,144.29,0.34,169.56
30/03/2019,29.16,69.58,1009.45,0.61,179.36,1.56,165.58
31/03/2019,28.38,73.85,1010.5,0.75,142.77,0,124.96
01/04/2019,28.14,76.33,1010.52,0.88,204.86,5.65,160.43
02/04/2019,27.3,80.54,1010.21,0.83,146.42,6.6,157.38
03/04/2019,28.53,77.8,1010.22,0.8,142.69,4.42,160.77
04/04/2019,29.01,71.89,1009.94,1.02,146.72,1.49,154.85
05/04/2019,28.34,78.07,1010.51,0.91,154.44,0.05,76.53
06/04/2019,28.14,77.04,1009.92,0.81,124.43,1.07,154.85
07/04/2019,27.85,81.57,1008.59,0.86,139.2,23.53,145.68
08/04/2019,28.09,78.94,1001.23,1,187.61,13.5,149.37
09/04/2019,29.07,75.29,1008.77,0.83,161.14,0.84,116.2
10/04/2019,29.88,71.96,1007.92,0.94,222.59,0,116.53
11/04/2019,29.73,63.65,1001.24,1.24,234.57,0.04,148.02
12/04/2019,29.5,69.04,1009.04,1.2,254.74,0.12,110.45
13/04/2019,29.07,69.18,1002.63,1.26,214.21,0.22,146.44
14/04/2019,29.92,65.87,1002.31,0.64,178.12,0.18,162.01
15/04/2019,28.22,78.14,1009.33,0.94,142.92,2.97,90.58
16/04/2019,28.29,75.67,1009.65,0.8,140.36,2.02,111.94
17/04/2019,29.79,72.57,1009.28,0.68,115.64,0.18,134.01
18/04/2019,29.79,72.15,1008.51,0.99,100.02,1.77,155.16
19/04/2019,27.31,81.8,1008.34,0.89,111.8,9.1,96.73
20/04/2019,27.94,80.7,1007.49,0.53,145.97,4.05,73.97
21/04/2019,29.13,73.42,1006.51,1.05,75.13,8.33,144.68
22/04/2019,30.3,67.21,1006.32,1.3,81.77,2.99,138.41
23/04/2019,30.32,66.48,1007.42,1.19,128.23,0,147.72
24/04/2019,26.62,87.56,1008.66,0.65,117.92,11.31,55.42
25/04/2019,29.33,74.81,1007.46,0.94,99.3,7.8,138.12
26/04/2019,28.62,77.85,1007.7,0.83,194.29,3.92,141.33
27/04/2019,27.88,79.36,1008.24,0.78,165.83,0.36,61.95
28/04/2019,28.51,78.64,1008.79,0.62,118.17,0.51,89.84
29/04/2019,28.54,80.34,1008.72,0.66,142.43,3.72,87.31
30/04/2019,28.05,82.27,1008.56,0.9,221.92,14.74,85.69
01/05/2019,28.09,66.14,1002.19,1.67,261.44,5.54,83.59
02/05/2019,29.88,64.79,1002.91,1.22,210.79,0,149.23
03/05/2019,29.09,72.29,1003.49,0.88,135.64,0,126.03
04/05/2019,28.97,78.58,1010.44,0.7,159.76,1.56,125.27
05/05/2019,28.71,75.24,1010.19,1.12,170.04,1.49,142.67
06/05/2019,28.16,73.83,995.34,0.51,109.73,0,80.61
07/05/2019,29.55,72.18,1008.58,0.71,198.1,0,133.9
08/05/2019,29.14,71.65,1001.54,0.8,164.58,0,129.08
09/05/2019,28.26,76.87,1001.75,1.02,230.88,3.23,141.67
10/05/2019,28.52,76.68,1003.1,0.67,216.29,2.51,94.51
11/05/2019,29.4,74.63,1010.22,0.78,70.98,0.9,114.56
12/05/2019,29.26,69.05,995.79,0.76,81.13,0,132.24
13/05/2019,29.83,65.59,995.18,0.88,65.95,0,141.29
14/05/2019,29.98,66.38,995.36,1.33,81.33,0,134.01
15/05/2019,29.27,70.79,1003.07,1.04,143.5,0,109.66
16/05/2019,28.49,76.13,1003.35,1.03,175.73,0.33,107.68
17/05/2019,28.91,70.79,1002.89,0.77,156.45,0.41,113.6
18/05/2019,28.91,67.35,1003.03,0.77,109.58,0.52,90.03
19/05/2019,29.81,65.27,1003.08,1.06,140.66,0,110.66
20/05/2019,30.19,66.52,1003.05,1.01,67.74,0,115.84
21/05/2019,30.51,62.91,1003.84,1.28,78.64,0,131.57
22/05/2019,30.4,53.1,949.69,1.13,65.73,0,461.52
23/05/2019,25.45,43.04,786.85,0.93,52.53,0,411.83
24/05/2019,20.13,34.05,622.52,0.74,41.56,0,325.82
25/05/2019,14.82,25.06,458.19,0.54,30.59,0,239.81
26/05/2019,9.5,16.07,293.86,0.35,19.62,0,153.8
27/05/2019,4.19,7.08,129.53,0.15,8.65,0,67.79
28/05/2019,0.22,0.37,6.82,0.01,0.46,0,3.57
29/05/2019,3.17,7.26,105.2,0.14,2.36,0,6.82
30/05/2019,12.4,28.35,411.02,0.53,9.22,0,26.64
31/05/2019,21.77,49.78,721.72,0.93,16.19,0,46.77
01/06/2019,28.38,74.84,981.36,0.98,53.39,0,27.08
02/06/2019,27.91,77.48,1009.63,1.24,233.94,0,12.67
03/06/2019,28.14,78.37,1009.9,0.81,96.29,0,13.62
04/06/2019,27.97,77.29,1003.28,0.62,54.13,0,11.89
05/06/2019,26.94,83.76,1003.49,0.23,101.56,0,12.97
06/06/2019,25.85,85.48,1011.02,0.43,75.79,0.5,15.48
07/06/2019,27.12,79.22,1010.68,1.03,167.31,0,11.85
08/06/2019,28.11,74.69,1010.34,0.85,230.55,0,13.89
09/06/2019,27.07,84.59,1010.54,0.27,99.6,15.78,19.92
10/06/2019,27.51,82.36,1011.14,0.53,66.03,0.84,13
11/06/2019,27.82,78.53,1011.15,0.57,110.19,0,10.02
12/06/2019,27.85,78.44,1010.23,0.49,49.03,0,10.09
13/06/2019,28.8,72.49,1002.74,0.83,121.67,0,92.93
14/06/2019,27.69,77.62,1002.29,0.65,176.88,0,57.14
15/06/2019,27.43,77.61,1009.09,1.07,80.13,0,73.62
16/06/2019,28.82,73.41,1000.74,1.23,87.38,0.03,118.32
17/06/2019,27.28,80.62,994.35,1.19,157.01,10.38,90
18/06/2019,25.18,83.85,1002.66,0.6,230.56,35.69,35.82
19/06/2019,27.66,76.01,1001.88,0.54,94.41,0,114.51
20/06/2019,27.95,76.77,1001.58,0.72,169.66,0,88.12
21/06/2019,28.02,75.9,1001.65,0.99,151,0.36,134.3
22/06/2019,27.86,77.14,1002.56,0.99,153.17,0.41,114.13
23/06/2019,27.96,77.27,1001.93,1.09,138.6,1.41,138.96
24/06/2019,26.75,82.06,998.79,0.95,144.16,10.19,126.8
25/06/2019,28.11,77.05,1003.2,0.84,169.73,0.14,133.94
26/06/2019,26.58,81.01,995.9,0.92,170.72,5.73,126.61
27/06/2019,27.95,73.79,1001.71,0.86,219.45,0,93.12
28/06/2019,28.27,73.21,998.5,0.83,127.36,0,125.42
29/06/2019,27.3,80.81,1002.86,0.71,145.44,2.08,75.16
30/06/2019,28.55,76.9,1002.91,0.97,109.97,0.1,124.97
01/07/2019,26.72,88.75,1010.37,0.45,107.66,1.8,10
02/07/2019,26.8,86.3,1010.34,0.28,41.33,0,34.22
03/07/2019,28.78,80.16,1009.02,0.45,26.11,0,50.15
04/07/2019,28.56,81.46,1008.84,0.53,42.61,0,27.36
05/07/2019,26.71,82.53,1001.88,0.46,61.31,0.06,17.13
06/07/2019,27.31,82.45,1001.63,0.74,64.96,0.28,12.1
07/07/2019,27.14,82.58,1009.33,0.65,99.11,0.01,16.19
08/07/2019,27.11,79.78,1002.27,0.35,36.36,0,9.3
09/07/2019,27.56,80.09,1009.17,0.66,56.86,0,20.25
10/07/2019,27.34,80.48,1009.21,0.25,78.05,0,13.38
11/07/2019,26.96,86.04,1009.21,0.59,201.48,0.4,15.57
12/07/2019,26.91,80.67,1008.97,0.44,164.34,0,15.25
13/07/2019,28.29,75.87,1001.7,0.72,170.74,0,111.56
14/07/2019,28.4,77.56,1001.19,1.15,88.34,0,109.9
15/07/2019,28.8,75.66,1001.72,0.93,57.58,0,117.87
16/07/2019,27.07,84.78,1002.87,0.61,115.21,31.48,74.86
17/07/2019,26.26,86.21,1003.09,0.75,139.63,9.11,108.43
18/07/2019,27.8,75.83,994.38,0.93,180.52,0.14,141.71
19/07/2019,26.92,82.02,1001.38,1.06,216.64,3.88,106.35
20/07/2019,25.65,86.97,1009.08,0.58,128.88,16.07,63.39
21/07/2019,26.97,78.67,994.98,1,137.19,0.88,143.44
22/07/2019,25.86,85.92,1009.86,0.74,134.66,7,73.73
23/07/2019,27.8,78.17,1009.01,0.93,89.06,0,157.16
24/07/2019,27.28,82.46,1009.04,1.38,246.42,1.82,136.93
25/07/2019,27.32,80.03,1009.41,0.82,254.15,0.09,77.75
26/07/2019,27.93,73.87,1009.08,1.03,179.63,0,143.38
27/07/2019,28.52,70.65,1009.01,1.22,88.07,0,151.92
28/07/2019,28.92,72.36,1009.23,1.15,87.9,0,136.03
29/07/2019,28.43,75.71,1001.75,0.84,100.89,0,130.69
30/07/2019,27.85,74.92,988.28,0.93,126.7,0,114.28
31/07/2019,29.06,72.53,1009.1,1.17,77.08,0,150.97
01/08/2019,26.74,83.62,1008.56,0.72,99.62,2.47,17.43
02/08/2019,26.25,81.32,1007.73,1.04,177.65,0.61,19.42
03/08/2019,26.51,68.29,998.18,0.55,122.62,0.14,18.64
04/08/2019,27,73.01,1009.46,1.06,193.45,0,19.09
05/08/2019,26.96,75.09,1002.89,1.01,176.2,0,19.99
06/08/2019,27.27,75.51,1009.46,0.9,139.05,0,13.76
07/08/2019,26.85,86.09,1009.68,0.7,131.73,1.67,9.3
08/08/2019,21.23,68.76,799.41,0.47,122.75,9,14.08
09/08/2019,26.54,87.48,1010.11,0.8,148.64,1.37,36.25
10/08/2019,27.11,86.48,1009.95,0.54,104.34,1.2,16.17
11/08/2019,27.17,84.16,1010.65,0.61,144.21,2.97,12.71
12/08/2019,27.65,80.31,1009.87,0.82,194.52,0,17.26
13/08/2019,27.06,82.97,1009.39,0.66,138.9,5.58,70.03
14/08/2019,25.31,90.13,1002.82,0.52,156.15,0.96,54.88
15/08/2019,28.14,77.36,1008.93,0.83,98.33,0,109
16/08/2019,27.41,79.2,1009.66,0.97,74.35,0,91.96
17/08/2019,29.23,75.72,1008.55,1.09,110.8,0,177.75
18/08/2019,28.18,79.35,1008.05,0.74,164.11,0,94.4
19/08/2019,27.05,85.35,1007.96,1.16,184,6.58,98.98
20/08/2019,27.99,73.16,1001.16,0.87,96.56,0,170.67
21/08/2019,27.81,77.97,1008.51,1.22,177.72,0,162.49
22/08/2019,27.77,79.11,1007.85,1.04,174.08,0.57,138.17
23/08/2019,27.24,81.39,1006.93,1.01,167.47,2.46,146.83
24/08/2019,27.25,78.39,993.53,0.84,140.97,0.98,108.22
25/08/2019,27.88,76.25,1008.56,1.13,165.27,0,133.89
26/08/2019,28.33,77.84,1009.24,0.88,98.9,0.13,118.85
27/08/2019,27.27,83,1010.15,1.07,108.12,1.01,112.16
28/08/2019,28.48,79.59,1009.88,0.81,72.41,0.28,111.82
29/08/2019,27.05,84.83,1002.54,0.45,115.54,5.21,77.27
30/08/2019,26.52,89.11,1010.15,0.58,150.6,28.24,88.1
31/08/2019,28.26,78.88,1010.76,0.82,58.33,0,113.08
01/09/2019,27.1,82.74,1009.79,0.61,43.53,0.04,16.81
02/09/2019,27.08,86.01,1009.17,0.96,134.85,1.8,24.72
03/09/2019,26.91,83.4,1009.26,0.96,149.54,0,19.03
04/09/2019,26.77,86.38,1010.28,0.75,151.84,2.19,21.52
05/09/2019,27.03,82.6,1010.77,0.68,46.88,1.84,18.12
06/09/2019,26.74,84.63,1010.96,0.93,152.76,0.3,20.85
07/09/2019,25.94,88.67,1010.8,0.82,166.36,6.23,18.93
08/09/2019,26.97,82.02,1011.19,0.74,153.68,0,19.09
09/09/2019,28.1,72.64,1010.72,0.5,47.16,0,15.84
10/09/2019,27.74,75.19,1002.01,0.89,66.71,0,18.15
11/09/2019,27.28,72.59,1009.09,0.81,193.83,0,13.61
12/09/2019,27.57,72.33,1009.7,1.04,228.26,0,24.41
13/09/2019,28.85,68.32,1002.56,1.04,142.04,0,182.04
14/09/2019,27.61,79.91,1009.47,1.11,166.64,0.84,132.64
15/09/2019,27.4,82.18,1009.16,0.86,141.84,1.03,161.32
16/09/2019,28.5,78.36,1008.39,0.86,180.94,0,112.84
17/09/2019,27.28,82.59,1001.72,0.92,238.41,1.8,81.71
18/09/2019,28.41,79.92,1008.74,0.72,148.11,0,125.32
19/09/2019,27.73,84.46,1007.86,0.89,131,5.44,145.36
20/09/2019,29.06,71.6,1007.55,1.78,274.76,0,200.46
21/09/2019,27.5,79.77,1009.37,0.96,253.33,2.01,68.9
22/09/2019,28.16,77.46,1009.2,1.07,289.88,0,81.26
23/09/2019,27.39,82.9,1007.98,0.9,182.59,22.62,107.51
24/09/2019,26.96,78.15,993.68,1.02,151.27,0.19,131.07
25/09/2019,28.01,78.79,1008.07,1.08,179.91,4.28,171.19
26/09/2019,29.05,68.07,1008.39,1.4,209.29,0.14,150.53
27/09/2019,28.59,70.95,1008.59,1.02,197.32,0,122.46
28/09/2019,28.14,73.25,1008.18,1.01,106.63,1.63,158.55
29/09/2019,28.5,74.97,1000.95,0.99,138.68,4.69,210.78
30/09/2019,27.32,80.36,1008.4,0.63,214.28,1.52,61.13
01/10/2019,28.1,73.32,1008.66,1.03,234.26,0.28,24.05
02/10/2019,26.91,73.91,1009.67,1.41,267.45,0,22.66
03/10/2019,27.18,76.32,1008.16,0.57,168.81,0.01,18.49
04/10/2019,26,86.29,1008.14,0.53,128.58,2.95,20.17
05/10/2019,27.46,77.59,1008.4,1.12,204.45,0.1,22.45
06/10/2019,27.21,79.66,1009.38,0.44,218.03,0.78,31.07
07/10/2019,28.18,75.95,1009.82,0.98,242.92,0,28.11
08/10/2019,26.15,86.47,1010.62,0.57,232.1,1.28,24.67
09/10/2019,26.38,82.09,1009.08,0.56,55.01,1.28,19.01
10/10/2019,26,86.58,1009.03,0.26,156.24,4.83,15.57
11/10/2019,26.47,85.87,1008.22,0.67,83.46,3.87,13.79
12/10/2019,26.94,85.41,1007.89,0.29,28.25,0.2,14.48
13/10/2019,27.47,80.21,1000.82,0.89,230.87,0.74,130.77
14/10/2019,27.55,76.06,1001.2,1.24,250.45,0,67.38
15/10/2019,27.36,81.16,1008.4,0.59,107.84,6.32,70.4
16/10/2019,29.82,68.32,1008.27,0.92,72.36,0,173.79
17/10/2019,29.65,64.9,1000.94,1.34,248.06,0,179.79
18/10/2019,29.83,69.39,1007.46,1.13,125.5,0,133.5
19/10/2019,30.12,68.45,1007,1.03,143.64,0,186.06
20/10/2019,29.54,66.92,993.58,0.82,154.96,0,131.47
21/10/2019,27.95,82.15,1008.34,0.5,88.48,8.2,76.29
22/10/2019,28.24,80.57,1008.51,0.85,124.39,6.99,102.97
23/10/2019,25.01,91.1,1002.38,0.44,71.17,15.57,38.9
24/10/2019,27.63,76.79,1001.22,0.8,131.29,1.44,116.41
25/10/2019,28.94,74.42,1008.7,1.12,166.85,5.89,203.98
26/10/2019,28.81,74.33,1009.74,1.07,185.61,1.53,188.62
27/10/2019,27.69,77.03,1003.11,0.8,212.79,1.83,148.47
28/10/2019,27.23,82.3,1009.31,0.7,149.57,3.83,85.49
29/10/2019,27.22,75.63,988.39,0.91,178.1,0.55,133.68
30/10/2019,28.15,72.97,1002.37,1.21,256.84,0,177
31/10/2019,28.57,71.63,1002.15,1.25,263.8,0,115.9
01/11/2019,26.98,79.5,1008.22,1.2,280.19,2.34,20.76
02/11/2019,27.27,79.03,1008.07,1.18,286.61,1,49.53
03/11/2019,27.72,79.76,1007.97,0.6,242.4,0.78,15.2
04/11/2019,27.89,72.6,1008.46,0.46,242.93,0.58,9.86
05/11/2019,28.26,73.14,1008.89,0.68,191.6,0.41,13.04
06/11/2019,28.28,74.16,1010.13,0.96,157.5,0,26.93
07/11/2019,29.16,73.45,1009.83,0.64,162.51,0,29.16
08/11/2019,26.43,85.77,1010.6,0.95,143.01,0.19,22.83
09/11/2019,26.47,80.81,1010.77,1.24,139.18,0.69,17.31
10/11/2019,25.67,86.95,1010.14,1.14,82.82,0.62,8.17
11/11/2019,25.44,91.36,1009.46,0.32,115.69,0.68,21.91
12/11/2019,26.77,88.9,1009.07,0.46,129.39,2.21,13.08
13/11/2019,25.57,86.88,984.53,0.45,145.65,13.87,84.8
14/11/2019,27.72,74.83,994.51,1.01,246.28,16.62,117.13
15/11/2019,27.03,79.68,1001.53,0.57,155.06,0.94,81.74
16/11/2019,28.61,73.84,1001.03,0.89,192.38,0.25,189.54
17/11/2019,29.04,69.85,993.39,0.98,145.08,0.28,174.32
18/11/2019,27.85,76.05,1000.37,0.76,164.6,0,87.14
19/11/2019,29.69,70.53,999.57,0.81,108,0,182.7
20/11/2019,28.05,79.17,992.58,0.8,169.7,0.25,114.16
21/11/2019,27.02,84.68,1000.86,0.51,201.58,0.52,63.51
22/11/2019,27.82,75.79,1001.55,0.98,174.52,0.49,120.55
23/11/2019,28.54,73.78,1000.37,1.15,190.73,0.37,159.8
24/11/2019,29.17,63.77,999.82,1.47,273.29,0.32,136.8
25/11/2019,27.99,76.38,1000.09,1.04,202.19,0.17,105
26/11/2019,28.36,75.53,986.3,0.89,129.01,0.14,166.6
27/11/2019,28.81,75.1,1000.52,0.97,179.23,0.13,162.04
28/11/2019,27.73,79.83,1001.77,1.33,267.85,0.1,134.68
29/11/2019,27.73,74.35,995.19,0.78,304.19,0.13,66.06
30/11/2019,28.4,73.16,1003.13,1,262.75,0.11,79.34
01/12/2019,27.71,72.52,1002.1,1.91,275.02,0.12,23.04
02/12/2019,26.07,81.06,1009,1.68,273.07,0.45,12.91
03/12/2019,27.01,77.94,1008.17,1.67,275.72,0.05,20.33
04/12/2019,24.97,87.95,1008.55,1.82,298.65,0.15,18.15
05/12/2019,25.95,81.53,1007.82,1.56,278.03,0.73,17.68
06/12/2019,27.59,77.48,1006.71,0.97,237.86,7.07,22.12
07/12/2019,27.81,79.43,1006.8,1.25,272.97,0,23.6
08/12/2019,26.32,83.8,1007.25,1.16,302.26,0.23,16.18
09/12/2019,28.75,71.03,1006.59,1.42,284.18,2.1,28.48
10/12/2019,28.34,71.14,1007.12,1.94,278.06,1.19,22.42
11/12/2019,25.76,83.12,1008.24,0.63,204.9,0.11,18.8
12/12/2019,26.81,75.06,1008.59,1.12,280.86,0.04,25.6
13/12/2019,28.91,67.23,987.96,1.22,291.56,0,139.02
14/12/2019,27.58,73.64,1008.97,0.89,301.17,0,61.59
15/12/2019,27.62,68.91,1008.37,1.01,311.22,0,4.4
16/12/2019,29.2,69.44,1008.28,1.44,290.09,0,113.02
17/12/2019,27.17,82.11,1008.66,1.11,255.28,0,62.38
18/12/2019,28.93,70.6,1008.05,1.64,291.9,0.09,139.32
19/12/2019,28,75.88,1007.71,1.91,289.24,0.96,90.82
20/12/2019,29.11,66.63,999.84,2.41,277.09,0.14,179.22
21/12/2019,28.45,73.9,1000.68,1.88,285.12,0.21,120.52
22/12/2019,28.19,73.99,1000.05,2.29,292.9,0,137.53
23/12/2019,28.63,72.16,992.63,2.39,281.19,0,147.68
24/12/2019,28.82,71.54,1006.79,2.08,288.57,0,112.01
25/12/2019,28.33,72.31,1001.03,1.19,274.66,0,96.46
26/12/2019,28.58,75.57,1007.59,1.75,290.4,0.04,96.65
27/12/2019,28.25,70.2,1007.69,1.71,291.88,0.13,108.48
28/12/2019,29.04,66.45,1001.27,1.71,290.29,0.49,145.85
29/12/2019,28.64,74.94,1008.38,1.67,309.53,0,122.66
30/12/2019,28.71,72.97,1008.09,1.19,298.1,0,107.76
31/12/2019,31.08,63.46,1005.56,2.58,311.32,0,331.39
01/01/2020,29.73,69.44,1008.525,1.9,256.61,0,0
02/01/2020,28.38,75.42,1011.49,1.22,201.9,210.23,117.79
03/01/2020,28.47,77.13,1009.4,1.45,238.55,386.08,85.67
04/01/2020,28.44,77.14,1008.09,1.71,246.38,91.21,60.63
05/01/2020,27.15,84.6,1008.87,0.82,159.13,167.77,38.95
06/01/2020,26.9,87.68,1009.03,1.26,144.96,31.39,55.78
07/01/2020,27.8,80.68,1008.11,0.96,169.61,1.96,106.57
08/01/2020,27.93,81.3,1007.48,0.94,150.73,4.34,66.18
09/01/2020,27.05,83.54,1007.9,1.35,216.08,7.92,48.36
10/01/2020,25.49,91.9,1008.9,0.37,96.16,10.12,55.12
11/01/2020,27.57,76.91,1008.73,1.22,190.46,3.08,85.23
12/01/2020,28.78,72.83,1007.57,1.52,221.37,0.03,175.9
13/01/2020,27.71,80.53,1008.01,1.23,217.3,0.2,100.07
14/01/2020,28.42,77.98,1008.81,1.69,217.85,7.93,219.45
15/01/2020,28.53,77.25,1009.59,0.95,149.7,0,168.13
16/01/2020,28.16,78.17,1010.11,1.02,115.35,0,137.39
17/01/2020,28.26,81.82,1010,1.59,197.12,15.21,184.99
18/01/2020,27.49,78.96,1010.21,0.75,119.6,0,136.2
19/01/2020,29.33,74.23,1010.15,1.11,149.42,0,227.61
20/01/2020,28.6,80.38,1011.09,1.22,181.75,0.41,104.79
21/01/2020,28.78,78.64,1011.6,0.98,150.96,0.01,165.57
22/01/2020,29.06,77.18,1010.68,1.15,164.6,2.71,173.68
23/01/2020,28.27,82.73,1009.56,0.88,124.38,7.85,148.46
24/01/2020,26.28,94.34,1010.17,0.52,96.61,105.13,23.9
25/01/2020,26.94,91.23,1009.7,0.82,123.54,5.24,74.47
26/01/2020,28.33,82.41,1008.63,1.26,140.94,2.24,203.79
27/01/2020,28.66,78.46,1009.25,0.84,109.05,3.42,218.21
28/01/2020,29.31,76.81,1009.54,1.12,154.94,0.01,190.17
29/01/2020,28.67,77.8,1009.94,1.64,204.66,4.45,241.6
30/01/2020,28.62,74.94,1009.63,1.25,184.53,0,156.05
31/01/2020,27.71,80.42,1009.68,1.56,206.51,0.37,52.77
01/02/2020,25.79,94.22,1010.51,0.67,90.57,18.27,53.74
02/02/2020,27.03,86.28,1011.01,0.4,67.94,13.68,104.25
03/02/2020,26.41,91.25,1011.14,0.53,109.24,9.74,86.04
04/02/2020,27.67,81.86,1009.95,0.97,149.51,0.16,109.78
05/02/2020,27.16,86.64,1009.46,1.04,138.28,5.38,101.78
06/02/2020,26.87,86.47,1009.7,1,154.05,0.33,46.37
07/02/2020,26.24,92.7,1010.65,1.03,160.39,24.51,53.63
08/02/2020,26.73,84.27,1011.41,0.7,95.22,2.52,138.17
09/02/2020,26.81,80.03,1010.64,0.66,123.85,10.26,73.08
10/02/2020,29.9,66.33,1010,1.05,145.69,0,226.39
11/02/2020,30.05,66.09,1010.81,0.83,125.88,0,180.31
12/02/2020,29.55,70.77,1010.65,1,107.99,0,218.53
13/02/2020,28.64,76.53,1010.16,1.01,119.77,0,114.55
14/02/2020,27.29,85.39,1010.06,0.47,99.33,3.77,50.84
15/02/2020,28.27,77.46,1010.65,0.97,117.91,0,190.72
16/02/2020,26.76,85.1,1011.25,1.26,200.01,15.4,100.92
17/02/2020,26.98,86.32,1011.34,0.69,130.09,0.18,89.11
18/02/2020,27.45,83.19,1010.8,1.51,166.93,1.34,173.56
19/02/2020,26.79,86.01,1010.24,1.77,225.43,0,81.04
20/02/2020,26.81,87.96,1010.61,1.11,149.26,0,83.83
21/02/2020,28.04,81.03,1011.55,1.25,131.02,0,202.3
22/02/2020,28.35,84.31,1011.03,1.59,190.31,0,196.14
23/02/2020,28.8,79.14,1009.71,2.41,257.47,0,146.17
24/02/2020,27.86,83.85,1009.43,1.75,217.95,0,152.2
25/02/2020,27.65,82.17,1009.56,0.75,151.94,8.84,95.98
26/02/2020,28.65,81.04,1009.2,1.4,172.22,1.81,174.74
27/02/2020,27.76,85.23,1008.85,0.93,144.99,8.29,98.44
28/02/2020,27.91,83.84,1007.98,0.86,115.07,0.48,136.81
29/02/2020,27.12,91.61,1007.77,0.86,157.13,6.32,26.5
01/03/2020,27.21,90.27,1008.31,1.14,157.55,26.04,61.82
02/03/2020,28.75,80.04,1008.7,0.99,123.72,0,195.97
03/03/2020,29.17,78.24,1009.16,1.27,144.23,0.59,204.45
04/03/2020,27.32,83.7,1009.76,1.26,178.51,12.05,82.62
05/03/2020,28.08,72.9,1009.72,0.98,187.89,1.5,90.62
06/03/2020,29.6,69.9,1010.48,1.79,243.06,0,245.77
07/03/2020,29.17,64.69,1010.62,1.15,177.19,0,166.32
08/03/2020,29.02,70.49,1009.73,1.48,213.5,0,151.54
09/03/2020,30.07,65.71,1008.32,1.96,226.95,0,188.13
10/03/2020,30.45,67.62,1008.03,1.84,219.24,0,213.3
11/03/2020,28.52,79.49,1009.15,0.91,142.11,2.06,166.86
12/03/2020,27.12,87,1011.55,0.85,128.77,15.98,101.82
13/03/2020,28.8,73.57,1010.87,0.98,139.9,0,209.77
14/03/2020,28.93,77.46,1009.64,0.99,103.78,0.79,214.36
15/03/2020,29.1,79.11,1009.34,0.96,129.57,1.37,217.52
16/03/2020,27.87,82.05,1010.82,0.96,110.4,1.95,208.79
17/03/2020,30.16,72.03,1009.74,1.46,167.94,0,273.43
18/03/2020,27.2,85.07,1010.12,0.62,116.06,0.15,45.55
19/03/2020,27.25,84.93,1010.56,0.84,123.3,6.91,100.33
20/03/2020,26.87,86,1010.75,0.62,88.24,5.55,135.1
21/03/2020,28.91,76.07,1010.28,0.88,121.27,0,258.19
22/03/2020,27.26,83.62,1010.47,0.46,74.59,18.68,126.73
23/03/2020,28.42,75.71,1009.35,0.68,75.94,0.23,180.47
24/03/2020,28.71,76.76,1008.61,1.21,131.75,0.02,214.36
25/03/2020,29.16,75.91,1008.03,0.99,115.48,0,192.58
26/03/2020,28.36,78.31,1008.99,0.79,105.89,0.36,135.66
27/03/2020,28.57,75.99,1009.28,0.97,132.03,0,142.23
28/03/2020,29.79,72.65,1008.26,0.98,160.73,0,214.26
29/03/2020,29.16,73.81,1008.1,1.08,134.88,0,188.92
30/03/2020,27.42,84.01,1009.15,0.62,106.49,5.13,72.75
31/03/2020,28.02,81.75,1009.18,1.16,143.31,9.33,195.36
01/04/2020,29.17,72.39,1008.77,1.14,173.92,0,213.25
02/04/2020,30.09,67.19,1008.92,1.25,197.43,0.11,217.75
03/04/2020,28.76,81.12,1009.3,0.82,96.03,2.5,166.85
04/04/2020,29.32,73.7,1009.63,1.14,120.98,0,200.25
05/04/2020,28.86,73.05,1009.96,1.13,146.76,0,163.43
06/04/2020,27.17,86.32,1009.88,0.83,123.2,16.72,114.45
07/04/2020,29.05,71.3,1009.35,1.59,220.47,0,171.22
08/04/2020,29.31,75.8,1010.41,1.06,126.9,0.03,234.91
09/04/2020,28.55,78.41,1010.75,0.72,116.93,0,112.04
10/04/2020,28.16,85.01,1011.09,0.91,126.66,4.73,138.86
11/04/2020,29.93,72.61,1010.07,0.82,111.91,0,168.44
12/04/2020,29.14,78.93,1009.12,0.96,124.16,3.93,213.27
13/04/2020,27.61,87.35,1009.33,0.93,98.16,35.93,168.01
14/04/2020,28.61,82.27,1009.51,0.83,107.54,1.74,184.83
15/04/2020,28.46,81.32,1010.01,0.62,77.18,0,101.75
16/04/2020,29.78,73.83,1009.56,0.64,92,0,238.51
17/04/2020,29.22,70.63,1009.97,1.23,132,0,210.17
18/04/2020,29.36,70.88,1010.44,1.03,125.77,0,191.22
19/04/2020,30.24,72.76,1009.7,1.08,140.06,0,215.48
20/04/2020,30.54,70.07,1009.17,0.8,95.24,0,200.17
21/04/2020,29.36,73.87,1009.21,0.74,55.34,0,98.83
22/04/2020,30.88,67.56,1008.72,0.9,68.1,0,223.19
23/04/2020,30.85,70.9,1008.33,1.26,86.9,0,192.79
24/04/2020,29.07,74.99,1009.1,0.78,72.36,0,148.29
25/04/2020,29.99,69.13,1009.29,0.61,49.24,0,152.13
26/04/2020,29.22,76.67,1009.53,1,103.42,2.29,202.6
27/04/2020,28.05,78.31,1009.95,0.66,96.73,0.79,137.54
28/04/2020,27.54,81.07,1009.5,0.77,91.92,2.31,122.92
29/04/2020,28.84,75.45,1009.36,0.87,97.6,0,182.14
30/04/2020,28.25,78.66,1009.51,0.6,81.89,0,71.25
01/05/2020,28.67,75.07,1008.73,1,138.43,0,99.85
02/05/2020,27.57,79.96,1008.41,0.39,47.69,0.77,87.11
03/05/2020,29.98,70.97,1008.54,1.03,92.44,0,167.14
04/05/2020,28.02,80.43,1009.26,0.76,68.58,1.18,58.36
05/05/2020,30.22,73.27,1008.94,1.02,75.26,0,174.54
06/05/2020,29.58,74.78,1008.81,0.93,84.05,0.14,157.83
07/05/2020,30.84,67.55,1008.25,0.85,72.35,0,206.02
08/05/2020,29.92,71.71,1008.75,0.92,127.64,0,144.5
09/05/2020,28.36,80.35,1009.03,0.54,85.48,0.56,59.26
10/05/2020,29.21,75.1,1009.29,1.01,124.38,0,181.71
11/05/2020,30.02,71.09,1008.97,0.83,68.38,0,165.65
12/05/2020,30.58,73.34,1008.7,0.91,83.36,0.92,202.46
13/05/2020,30.11,71.44,1008.46,1.01,80.04,0,157.92
14/05/2020,30.3,69.33,1008.01,1.03,56.77,0,175.5
15/05/2020,29.96,70.14,1006.96,1.33,80.02,0,177.75
16/05/2020,30.64,65.42,1006.17,0.98,74.67,0,204.94
17/05/2020,30.46,69.61,1006.67,0.95,134.8,0,191.22
18/05/2020,26.86,86.52,1008.3,0.82,107.29,7.56,76.13
19/05/2020,29.94,73.55,1007.5,0.86,72.05,0,150.39
20/05/2020,28.47,80.08,1008.37,1.19,101.14,14.56,182.26
21/05/2020,29.75,74.63,1008.32,0.63,110.45,0,142.04
22/05/2020,29.7,74.06,1009.07,0.94,100.26,0,196.41
23/05/2020,30.14,66.38,1009.76,0.85,118.17,0,182.24
24/05/2020,31.28,61.29,1010.23,1.35,160.48,0,208.34
25/05/2020,29.8,72.02,1010.69,0.92,120.9,0.52,164.44
26/05/2020,29.94,66.56,1010.58,1.09,179.45,0,170.32
27/05/2020,29.45,72.57,1010.69,1,142.74,0,164.49
28/05/2020,29.6,74.67,1010.62,0.83,117.34,0,138.76
29/05/2020,29.44,71.02,1010.8,0.88,96.38,0,164.17
30/05/2020,30.09,69.66,1011.01,0.87,73.12,0,189.36
31/05/2020,27.45,79.85,1011.85,1.2,122.5,0,66.75
01/06/2020,29.56,70.04,1010.9,1.04,98.1,0,172.06
02/06/2020,29.64,71.77,1010.14,0.97,68.78,0.5,173.94
03/06/2020,29.25,73.1,1010.13,1.26,83.61,0,126.32
04/06/2020,29.96,65.25,1009.72,1.45,77.42,0,199.9
05/06/2020,29.04,73.97,1010.61,0.84,133.06,0.08,113.43
06/06/2020,29.71,67.19,1009.68,0.62,93.91,0,150.61
07/06/2020,29.79,71.54,1008.54,0.8,76.62,0,182.19
08/06/2020,29.85,71.91,1009.45,1.05,82.26,0,160.37
09/06/2020,28.68,77.17,1010.03,0.81,103.24,0,88.41
10/06/2020,29.86,72.07,1008.95,1.21,88.53,0,170.13
11/06/2020,28.96,74.82,1008.09,1.16,89.79,0.7,167.8
12/06/2020,29.64,69.69,1007.61,0.9,71.7,0.19,184.35
13/06/2020,29.5,68,1009.05,0.79,83.08,0,133.44
14/06/2020,30.86,67.25,1009.25,0.83,70.51,0,192.94
15/06/2020,29.75,73.71,1009.46,0.82,70.44,0,98.88
16/06/2020,29.62,74.72,1009.26,1.21,71.51,0,152.33
17/06/2020,30.59,64.13,1009.49,0.99,65.93,0,193.58
18/06/2020,29.86,68.91,1009.78,0.7,77.97,0,135.2
19/06/2020,28.49,74.11,1010.65,0.62,79.32,3.06,99.31
20/06/2020,29.78,69.78,1008.7,0.74,64.16,0,184.45
21/06/2020,29.19,71.05,1007.8,0.93,93.46,0,145.97
22/06/2020,28.01,77.16,1008.68,0.88,70.31,0.68,85.77
23/06/2020,28.65,72.68,1009.42,0.73,61.28,0,140.1
24/06/2020,29.03,72.14,1009.61,0.78,121.31,0,142.29
25/06/2020,29.36,68.84,1008.6,0.8,89.97,0,185.64
26/06/2020,29.41,69.95,1009.18,0.78,105.64,0,178.1
27/06/2020,29.51,67.54,1010.2,1.21,81.57,0,151.96
28/06/2020,29.81,65.51,1010.03,1.01,94.42,0,172.73
29/06/2020,30.02,63.78,1008.97,1.12,69.51,0,192.2
30/06/2020,29.7,68.01,1008.92,1.06,92.75,0.53,187.66
01/07/2020,30.32,60.7,1008.54,0.88,72.85,0,187
02/07/2020,31.29,58.42,1009.66,1.87,181.61,0,217.21
03/07/2020,31.41,57.93,1009.61,1.86,171.21,0,189.58
04/07/2020,31.34,58.4,1009.62,1.69,155.08,0,185.86
05/07/2020,31.28,58.87,1009.63,1.51,138.95,0,182.14
06/07/2020,31.21,59.34,1009.64,1.34,122.82,0,178.42
07/07/2020,31.14,59.8,1009.64,1.16,106.69,0,174.7
08/07/2020,31.08,60.27,1009.65,0.99,90.56,0,170.98
09/07/2020,31.01,60.74,1009.66,0.81,74.43,0,167.26
10/07/2020,30.94,61.21,1009.67,0.63,58.3,0,163.54
11/07/2020,30.87,61.68,1009.68,0.46,42.17,0,159.82
12/07/2020,30.81,62.14,1009.69,0.28,26.04,0,156.1
13/07/2020,30.74,62.61,1009.69,0.11,9.91,0,152.39
14/07/2020,28.87,74.66,1008.78,0.89,78.39,1.63,122.35
15/07/2020,27.83,77.11,1008.24,1.5,98.48,0.24,95.93
16/07/2020,28.4,74.88,1007.98,0.93,66.54,0,86.65
17/07/2020,29.44,71.48,1008.42,0.89,81.9,0,197.15
18/07/2020,29.08,72.36,1008.41,0.75,104.49,0,160.83
19/07/2020,29.29,70.55,1008.16,0.67,94.93,0,154.97
20/07/2020,29.62,69.24,1008.2,0.99,87.26,0,158.14
21/07/2020,29.33,72.86,1008.17,1,111.17,0,177.26
22/07/2020,29.56,68.54,1008.48,0.94,77.44,0,152.89
23/07/2020,29.49,67.53,1008.45,0.77,92.03,0,173.72
24/07/2020,29.45,66.84,1008.98,1.05,91.59,0,178.97
25/07/2020,29.31,59.13,1009.25,1.07,95.01,0,164.79
26/07/2020,28.61,59.85,1009.11,1.19,75.34,0,202.35
27/07/2020,28.87,61.54,1009.22,0.82,87.71,0,202.05
28/07/2020,28.9,63.31,1009.11,1.03,118.31,0,190.44
29/07/2020,29.2,60.99,1009.43,0.96,130.33,0,183.56
30/07/2020,28.59,58.17,1009.84,1,115.07,0,155.52
31/07/2020,28.32,55.67,1009.93,0.73,76.88,0,182.02
01/08/2020,28.36,60.24,1009.2,0.76,99.18,0,199.11
02/08/2020,28.68,66.51,1008.98,1.06,129.03,0,176.79
03/08/2020,29.84,66.17,1007.53,1.14,94.95,0,185.21
04/08/2020,29.33,66.12,1007.93,1.06,64.52,0.17,123.49
05/08/2020,29.04,69.18,1008.72,1,130.85,0,148.28
06/08/2020,29.56,69.73,1008.75,0.99,93.26,0,186.77
07/08/2020,29.4,71.48,1008.75,0.95,91.87,0,161.11
08/08/2020,28.43,80.19,1008.73,0.74,91.71,2.16,149.89
09/08/2020,28.69,77.86,1009.58,0.86,100.83,3.11,159.63
10/08/2020,29.56,72.08,1010.13,1.21,100.69,0.71,175.96
11/08/2020,29.04,70.31,1011.05,0.97,104.62,0.62,133.44
12/08/2020,29.59,70.51,1010.51,1.11,71.97,0.31,126.91
13/08/2020,25.77,89.72,1009.98,0.64,97.46,0.5,82.67
14/08/2020,28.22,77.97,1009.32,0.83,79.97,0.46,126.15
15/08/2020,29.07,73.67,1010.03,1.08,100.09,0.42,157.98
16/08/2020,29.39,69.72,1009.61,0.88,83.39,0.31,216.19
17/08/2020,29.61,66.05,1008.86,0.84,67.74,0.4,199.99
18/08/2020,28.16,74.97,1008.81,0.87,120.21,0.27,146.77
19/08/2020,29.91,68.91,1008.28,0.96,87.54,0.29,213.85
20/08/2020,29.15,67.52,1009.45,1.6,89.62,0.3,183.85
21/08/2020,28.97,67.5,1011.04,1.38,89.08,0.18,195.39
22/08/2020,29.77,54.89,1011.04,1.04,52.76,0,188.78
23/08/2020,29.97,61.88,1010.41,0.91,79.22,0.18,213.36
24/08/2020,29.23,60.88,1010.32,1.28,86.8,0,172.51
25/08/2020,30,54.26,1010.83,1.51,95.28,0,226.07
26/08/2020,29.53,60.41,1009.72,1.03,101.51,0,223.65
27/08/2020,29.19,58.4,1009.1,0.99,87.74,0,222.76
28/08/2020,29.94,57.41,1008.65,1.38,93.2,0,214.33
29/08/2020,30.07,59.23,1008.06,1.01,69.48,0,178.71
30/08/2020,29.89,62.52,1007.83,1.08,73.83,0,197.26
31/08/2020,29.63,59.32,1008.5,1.2,115.89,0,203.2
01/09/2020,30.54,54.63,1008.61,1.12,108.8,0,218.09
02/09/2020,30.09,61.67,1009.37,1.72,206.61,0,179.58
03/09/2020,31.3,57.75,1010.68,2.84,134.28,0,343.31
04/09/2020,30.81,62.69,1008.81,1.37,84.09,0,237.91
05/09/2020,29.26,69.13,1008.34,1.2,149.47,0,191.77
06/09/2020,29.4,67.25,1008.88,0.78,115.1,0,204.45
07/09/2020,30.1,60.9,1009.79,1.14,112.83,0,192.67
08/09/2020,30.43,56.87,1010.15,1.54,100.98,0,199.16
09/09/2020,30.52,58.45,1008.26,0.98,80.93,0,200.03
10/09/2020,29.45,67.58,1007.96,1.25,163.54,0,182.46
11/09/2020,29.65,64.9,1009.2,0.83,96.27,0,161.49
12/09/2020,29.64,66.46,1010.36,1.38,173.84,0,208.38
13/09/2020,29.7,62.75,1009.95,1.11,144,0,203.08
14/09/2020,27.96,77.42,1010.14,1.27,145.5,0.23,195.02
15/09/2020,27.3,78.53,1010.42,0.96,102.32,0.62,185.56
16/09/2020,29,62.38,1010.06,1.25,135.54,0.33,218.13
17/09/2020,29.52,63.97,1009.32,1.17,89.86,0.23,247.31
18/09/2020,29.89,66.11,1008.38,1.34,105.89,0.3,234.02
19/09/2020,30.48,61.68,1008.52,1.46,92.92,0.24,248.54
20/09/2020,25.86,87.94,1010.06,0.69,76.36,0.09,57.07
21/09/2020,27.59,80.88,1010.38,1.29,160.06,0.26,222.95
22/09/2020,28.03,75.1,1009.69,0.83,117.19,0.22,199.08
23/09/2020,29.43,67.97,1009.93,1.08,162.98,0.13,252.91
24/09/2020,29.84,69.49,1010.22,1.01,129.49,0.41,238.38
25/09/2020,30.24,65.89,1009.33,0.82,71.84,0.07,217.57
26/09/2020,29.04,72.61,1009.91,0.82,133.94,0.12,192.55
27/09/2020,28.22,73.68,1010.61,1.1,134.35,0.16,163.45
28/09/2020,30.13,64,1009.59,1.1,97.75,0.02,238.99
29/09/2020,29.81,61.9,1008.64,0.82,87.24,0.05,208.05
30/09/2020,30.67,63.33,1007.64,1.32,101.4,0,268.94
01/10/2020,30.61,62.06,1008.44,1.28,83.17,0.2,252.51
02/10/2020,29.34,69.05,1009.46,1.4,171.01,0,214.68
03/10/2020,27.69,76.37,1010.32,0.7,120.36,0.19,90.26
04/10/2020,28.03,73.19,1009.29,1.43,174.46,0.03,176.58
05/10/2020,29.49,59.26,1009.15,1.12,139.88,0,258.75
06/10/2020,29.25,64.63,1008.38,1.15,125.41,0.01,222.85
07/10/2020,29.89,64.26,1007.61,0.97,112.28,0,253.92
08/10/2020,28.91,72.01,1007.85,1.14,156.04,0.08,156.49
09/10/2020,29.02,72.42,1008.31,0.89,113.27,0.06,208.88
10/10/2020,28.03,79.08,1008.01,0.83,116.58,0.01,135.29
11/10/2020,28.83,73.35,1007.54,0.72,107.24,0,165.59
12/10/2020,30.02,62.33,1007.63,0.86,106.65,0,197.47
13/10/2020,29.9,66.24,1007.86,0.74,107.94,0.01,142.33
14/10/2020,30.21,66.46,1008.78,1.32,182.23,0,234.1
15/10/2020,30.11,63.8,1008.5,1.4,202.95,0,227.64
16/10/2020,27.94,79.22,1007.48,0.87,88.93,0.13,190.19
17/10/2020,29.41,68.91,1007.84,0.84,124.82,0.24,218.38
18/10/2020,29.16,71.56,1008.45,0.9,130.25,0.03,184.99
19/10/2020,28,79.89,1008.5,0.79,112.56,0,197.21
20/10/2020,28.27,81.34,1008.56,1,91.83,0.16,224.73
21/10/2020,27.39,85.13,1008.63,0.74,109.81,0.19,182.49
22/10/2020,29.87,61.96,1008.78,1.8,217.52,0.18,196.86
23/10/2020,29.9,63.4,1008.85,1.12,149.46,0.12,188.98
24/10/2020,28.88,70.51,1009.6,1.35,145.42,0.05,246.87
25/10/2020,28.36,75.54,1009.4,0.95,132.98,0.01,193.72
26/10/2020,27.27,79.68,1009.12,0.91,125.09,0,145.87
27/10/2020,26.48,86.43,1009.6,0.47,73.28,0.14,96.84
28/10/2020,28.72,76.53,1009.63,0.87,130.04,0.12,196.65
29/10/2020,30.01,70.61,1009.31,0.82,65.38,0,209.04
30/10/2020,28.65,71.05,1010.01,1.32,76.01,0.19,165.78
31/10/2020,27.86,80.5,1009.52,0.75,86.5,0.05,184.64
01/11/2020,27.61,78.57,1009.42,1.68,215.17,0,152.94
02/11/2020,28.67,71.94,1010.29,1.01,154.05,0.17,166.42
03/11/2020,29.17,69.75,1010.59,1.38,178.29,0.02,249.96
04/11/2020,28.61,73.55,1010.37,0.79,117.7,0,147.68
05/11/2020,27.35,82.58,1010.9,0.31,61.66,0.04,81.08
06/11/2020,27.71,83.25,1010.86,0.68,81.61,0,106.25
07/11/2020,29.13,74.21,1009.62,0.85,86.3,0.19,202.68
08/11/2020,28.4,72.7,1010.03,0.79,80.56,0,170.53
09/11/2020,30.19,68.15,1009.18,0.72,97.07,0,234.83
10/11/2020,29.23,72.18,1009.25,1.07,137.76,0,179.2
11/11/2020,30.02,71.94,1009.05,0.85,117.2,0,230.04
12/11/2020,30.31,71.55,1008.82,1.36,99.42,0,199.85
13/11/2020,30.56,71.89,1008.12,0.99,91.54,0,235.04
14/11/2020,30.4,66.36,1008.37,1.11,131.27,0,229.1
15/11/2020,30.85,64.16,1008.69,1.32,96.53,0,242.98
16/11/2020,30.46,68.12,1008.47,1.21,103.1,0,210.95
17/11/2020,29.51,70.39,1007.41,1.23,156.66,0,207.38
18/11/2020,29.62,70.49,1007.35,0.79,117.74,0,137.65
19/11/2020,30.61,69.26,1008.07,1.88,128.19,0,232.58
20/11/2020,29.21,75.35,1007.77,0.94,101.75,0,167.37
21/11/2020,29.34,70.57,1008.15,0.89,106.09,0,206.07
22/11/2020,29.11,72.09,1009.07,0.84,129.01,0,133.75
23/11/2020,27.7,76.42,1009.29,1.21,213.08,0,93.18
24/11/2020,28.2,77.08,1008.04,0.91,131.71,0.01,166.47
25/11/2020,27.63,82.48,1007.38,0.9,107.53,0,150.75
26/11/2020,29.31,69.88,1007.76,1.06,169.61,0.19,202.22
27/11/2020,28.8,73.93,1008.31,0.88,98.63,0,213.93
28/11/2020,29.11,69.13,1008.25,1.01,147.99,0.11,142.81
29/11/2020,27.62,73.82,1008.87,1.96,236.48,0.54,143.21
30/11/2020,27.94,71.63,1008.69,1.88,228.39,0,129.31
01/12/2020,29.34,65.12,1007.88,1.56,199,0,235.16
02/12/2020,29.18,71.88,1007.53,1.45,210.51,0.69,213.69
03/12/2020,27.66,77.29,1008.32,0.97,175.99,1.16,109.27
04/12/2020,27.88,77.68,1007.72,1.28,191.08,8.83,137.31
05/12/2020,27.08,80.41,1007.26,1.27,218.05,10.46,109.95
06/12/2020,26.07,88.27,1007.73,1.48,207.41,12.36,52.18
07/12/2020,26.57,85.33,1008.72,1.14,210.17,5.12,84.2
08/12/2020,28.59,74.55,1007.29,1.87,224.65,7.69,193.24
09/12/2020,28.9,70.95,1006.71,1.95,254.25,0,143.79
10/12/2020,28.27,74.48,1007.78,1.43,201.58,0.12,168.24
11/12/2020,27.53,78.74,1008.37,1.52,223.1,2.11,151.46
12/12/2020,28.24,72.07,1007.5,1.46,215.99,0,154.88
13/12/2020,27.38,77.15,1007.93,1.49,218.01,0,84.03
14/12/2020,27.95,74.31,1008.62,1.64,204.93,0,121.89
15/12/2020,28.17,71.51,1009.11,1.66,220.52,6.6,143.44
16/12/2020,28.12,74.65,1008.1,1.75,205.65,0.63,172.3
17/12/2020,28.12,72.97,1007.64,1.84,239.11,0,178.28
18/12/2020,28.3,71.16,1007.41,1.76,249.33,0,177.7
19/12/2020,28.62,69.41,1008.04,1.76,245.03,0,170.57
20/12/2020,27.05,78.07,1008.52,1.75,228.47,3.68,155.14
21/12/2020,27.64,73.42,1008.21,1.51,224.94,0.14,120.16
22/12/2020,28.47,70.46,1007.85,1.16,173.44,0,141.93
23/12/2020,29.96,61.63,1006.58,1.28,171.43,0,207.02
24/12/2020,28.33,67.89,1007.54,1.62,185.11,0,172.97
25/12/2020,29.5,61.93,1008.16,1.79,231.18,0,231.09
26/12/2020,29.9,60.33,1008.45,1.67,224.14,0.17,201.65
27/12/2020,29.39,65.35,1008.05,1.77,240.74,0,198.57
28/12/2020,29.05,69,1007.73,1.85,246.77,0,167.59
29/12/2020,28.55,65.59,1007.94,1.92,231.11,0,144.21
30/12/2020,27.34,75.13,1007.78,1.41,205.57,3.55,118.64
31/12/2020,26.5,83.21,1008.11,1.05,194.74,7.57,84.83
